Wavelength (nm),Filter Name,k_eff (NH3),l_eff (NH3),k_eff (CH4),l_eff (CH4),Trans,Tau,NH3 (m-atm),CH4 (m-atm)
620,620CH4,0.03307548750274638,618.4842679530478,0.42700673897661084,618.4842679530478,0.8801155328399481,0.12770209280918773,3860.9285138604278,299.0634131799559
632,632OI,0.10304405157540276,630.8009280146642,0.019199600372477976,630.8009280146642,0.9933843128661997,0.0066376677903266295,64.41582690942134,345.71905985301225
647,647NH3,2.9545604612278296,646.5585773346381,0.027802721133820135,646.5585773346381,0.9554907073156804,0.045530240816731064,15.410157082319452,1637.6181524673352
656,656HIA,0.47859835944377804,657.1345907879257,0.07852734737322929,657.1345907879257,0.9891786454720909,0.010880331242690035,22.733741200732574,138.55467689462844
