label,jd_time,fits_time,area,eccentricity,centroid_lat,centroid_lon,weighted_centroid_lat_seg,weighted_centroid_lon_seg,seg_intensity_mean,seg_intensity_min,seg_intensity_max,intensity_mean,intensity_min,intensity_max,threshold
1,2460949.4088194445,2025-09-30T21:48:42.000,413.0,0.9786233963024663,-9.290556900726394,34.615012106537534,-9.262734498330751,34.810361523163124,2102.3645854090514,2030.020168246605,2300.6714378652173,127.15610391114359,96.37176024359297,161.12850177586378,2030
