label,avglat,avglon,avgarea,areacoef0,areacoef1,avgfNH3,avgPCld,stdfNH3,stdPCld
2,-1.3397619368571427,-1.3397619368571427,179.57142857142858,-6.958063606929307,17123698.690031867,154.84367582857143,1929.9164313571428,4.03283467142856,89.70627835714288
