{"NEDF1": {"meanmean1": 1837.1478124194246, "stdvstdv1": 41.1330957631793, "meanmean2": 99.49366153841225, "stdvstdv2": 10.022941000883986, "mamfmamf": 1.13171544255562}, "Fest1": {"meanmean1": 1824.3519659685148, "stdvstdv1": 37.82561421944685, "meanmean2": 115.18198000059174, "stdvstdv2": 9.123856768693642, "mamfmamf": 1.1687265026188303}, "Fest2": {"meanmean1": 2057.622392797905, "stdvstdv1": 59.593116096452654, "meanmean2": 126.58947392891417, "stdvstdv2": 3.3743012973982625, "mamfmamf": 1.1334712604769632}, "Plume1": {"meanmean1": 1752.7185462724628, "stdvstdv1": 30.33296045038771, "meanmean2": 81.60196664797593, "stdvstdv2": 5.720966865123806, "mamfmamf": 1.054126437190504}, " +NH3": {"meanmean1": 1828.2128748387593, "stdvstdv1": 23.08784945670946, "meanmean2": 122.38872466777542, "stdvstdv2": 4.438209863223113, "mamfmamf": 1.1098650241921337}}