{"SED C": {"meanmean1": 1945.4687293152638, "stdvstdv1": 26.085005157266718, "meanmean2": 141.63900050061133, "stdvstdv2": 22.819026003355333, "mamfmamf": 1.2354327379207308}, "HS1 C": {"meanmean1": 2122.718782901845, "stdvstdv1": 63.08062402683948, "meanmean2": 140.14482498671836, "stdvstdv2": 8.171709316482422, "mamfmamf": 1.125695928536382}, "NEB Ref": {"meanmean1": 1902.7213086693682, "stdvstdv1": 24.031685452777772, "meanmean2": 78.75307987784734, "stdvstdv2": 4.006683917795548, "mamfmamf": 1.132791995448896}, "Plume C": {"meanmean1": 1634.328989795049, "stdvstdv1": 11.320553895471985, "meanmean2": 130.27962760520674, "stdvstdv2": 28.978781802883177, "mamfmamf": 1.2487376616923922}, " +NH3 C": {"meanmean1": 1767.627769173742, "stdvstdv1": 44.51796127273621, "meanmean2": 177.09905442107038, "stdvstdv2": 69.30404884744443, "mamfmamf": 1.4276244097784536}, " +NH3 D": {"meanmean1": 1859.4858493701818, "stdvstdv1": 28.829063639765366, "meanmean2": 153.4398494785915, "stdvstdv2": 17.646555293066207, "mamfmamf": 1.1656635986329227}}