{"SED C": {"meanmean1": 1974.5764228692576, "stdvstdv1": 29.99921231912251, "meanmean2": 137.15181540461197, "stdvstdv2": 7.318614405505222, "mamfmamf": 1.0955417216455863}, "HS1 C": {"meanmean1": 2178.3144347694947, "stdvstdv1": 18.448211320871394, "meanmean2": 144.67674987471182, "stdvstdv2": 5.962194303452056, "mamfmamf": 1.0586813698853204}, "NEB Ref": {"meanmean1": 1846.1924577442373, "stdvstdv1": 9.258695844852216, "meanmean2": 85.21866193377498, "stdvstdv2": 8.924616895494099, "mamfmamf": 1.0822243407735175}, "Plume C": {"meanmean1": 1691.0965501057624, "stdvstdv1": 23.126171742289387, "meanmean2": 124.57631152107729, "stdvstdv2": 12.359552458499675, "mamfmamf": 1.1088099356232548}, " +NH3 C": {"meanmean1": 1806.534532257729, "stdvstdv1": 21.97772713928908, "meanmean2": 156.50538894789545, "stdvstdv2": 16.785496548143033, "mamfmamf": 1.191795241778247}, " +NH3 D": {"meanmean1": 1909.1166043753317, "stdvstdv1": 27.64586472333195, "meanmean2": 163.4121353970667, "stdvstdv2": 15.703179214695883, "mamfmamf": 1.148660116891945}}