{"SED C": {"meanmean1": 1947.2537857874245, "stdvstdv1": 34.60684453682612, "meanmean2": 128.88868735352145, "stdvstdv2": 7.964149148512295, "mamfmamf": 1.0660460999228056}, "HS1 C": {"meanmean1": 2141.3301640901427, "stdvstdv1": 42.93359206591285, "meanmean2": 140.29523124586632, "stdvstdv2": 4.835313574626333, "mamfmamf": 1.065298335024967}, "NEB Ref": {"meanmean1": 1854.3468792650517, "stdvstdv1": 9.476947918314899, "meanmean2": 78.71076092647164, "stdvstdv2": 3.6892968190163753, "mamfmamf": 1.0978788192736537}, "Plume C": {"meanmean1": 1653.2233464127464, "stdvstdv1": 23.82050111095343, "meanmean2": 111.09615631914892, "stdvstdv2": 6.878840052399224, "mamfmamf": 1.059691992666838}, " +NH3 C": {"meanmean1": 1804.5443426391332, "stdvstdv1": 25.014519421034848, "meanmean2": 140.15689645468584, "stdvstdv2": 4.3089540261778225, "mamfmamf": 1.0895818209180277}, " +NH3 D": {"meanmean1": 1802.4909060669238, "stdvstdv1": 48.5297724578251, "meanmean2": 159.26963849669542, "stdvstdv2": 26.89809852382174, "mamfmamf": 1.355379820187313}}